02 - Open your eyes.ogg,15037
02 - Once Again.ogg,16464
01 - Auf einem anderen Stern.ogg,20679
01 - Cest a toi.ogg,12106
01 - Bambax.ogg,10056
02 - Silver Spoon.ogg,14910
03 - Everything.ogg,11639
03 - Paris la mort.ogg,16624
03 - Marion in the Morning.ogg,16613
01 - Sunlight.ogg,26586
01 - A smile on your face.mp3,18784
03 - Modern Life.ogg,14228
02 - The Louise XIV Cathorse.mp3,12726
01 - Annie.ogg,16562
01 - Visa pour hier.mp3,15777
01 - 01 Les Jardins Japonais.ogg,22889
01 - Atlantide.ogg,13319
03 - Samedi pas grand chose.ogg,14459
01 - A linstant.ogg,10710
01 - A city.mp3,19783
02 - emporte-moi.mp3,17127
01 - Le regard des autres.ogg,16380
02 - The Game.ogg,30606
01 - Bla bla bla.ogg,13437
01 - Sunken Sailor.mp3,13740
01 - Its Easy.ogg,13889
01 - 10min.mp3,17323
02 - Catin dharmonie.ogg,21818
01 - Ok.ogg,22151
02 - La fille du bar tabac.ogg,15130
01 - 2006-Un ptit peu amoureux.ogg,14429
01 - Chanson pour moi.ogg,20248
02 - World that you know.ogg,13085
02 - Politique dautruche.ogg,12056
02 - You should have been there.ogg,11680
01 - Burn.ogg,16407
01 - A new singing song.mp3,17166
02 - Spread The News.ogg,21353
01 - Cest dans lere.ogg,13951
01 - Angels Of Crime.ogg,19160
01 - Ample Choix.ogg,18697
01 - Astor.ogg,15033
01 - Antikultura.ogg,14222
03 - Each tear.ogg,17493
01 - A CONTRE COURANT.mp3,20287
01 - The Final Rewind.ogg,19268
01 - Bang Bang.ogg,13887
02 - Colombia.ogg,11310
01 - Seven Months.ogg,18587
01 - Ainsi chantait le poete.ogg,19880
02 - Give me a sign.ogg,16405
02 - aint that far.ogg,19153
01 - Chanson engagee.ogg,12195
01 - Atmosphere.ogg,10391
01 - swallow.ogg,18225
01 - A better Life.ogg,15949
01 - Aura.ogg,13405
01 - A song for memory.ogg,15739
01 - Perdre le Nord.ogg,20908
01 - Aline 1.ogg,13242
01 - alice.mp3,17133
